Symbol,Close Price,Band,Margin,Tradable
SFL,697.7,20,5,Yes
ABB,5349,No Band,5,Yes
AEGISLOG,800.45,20,5,Yes
LAURUSLABS,894.85,No Band,5,Yes
ATUL,6467,20,5,Yes
KARURVYSYA,211.59,20,5,Yes
BAJAJELEC,592.4,20,5,Yes
FORCEMOT,19734,20,5,Yes
BAJFINANCE,1003.25,No Band,5,Yes
BALRAMCHIN,517.7,20,5,Yes
BANCOINDIA,690.35,20,5,Yes
FACT,1005.5,20,5,Yes
ABREL,1922.2,20,5,Yes
BASF,4672,20,5,Yes
BATAINDIA,1274,20,5,Yes
BEML,4340.1,20,5,Yes
BEL,402.9,No Band,5,Yes
BLUESTARCO,1924.1,No Band,5,Yes
CESC,168.11,20,5,Yes
CHAMBLFERT,545.45,20,5,Yes
SUNDARMFIN,4574.1,20,5,Yes
EXIDEIND,418.2,No Band,5,Yes
CIPLA,1559,No Band,5,Yes
CRISIL,5045.4,20,5,Yes
CGPOWER,792.2,No Band,5,Yes
DABUR,535.7,No Band,5,Yes
ARVIND,323.8,20,5,Yes
BHEL,232.19,No Band,5,Yes
HINDPETRO,402,No Band,5,Yes
IFCI,56.08,10,5,Yes
MRPL,127.87,20,5,Yes
CHENNPETRO,751.9,20,5,Yes
SBIN,831.55,No Band,5,Yes
SAIL,132.94,No Band,5,Yes
TITAN,3556.8,No Band,5,Yes
IDBI,93.29,20,5,Yes
DRREDDY,1310.4,No Band,5,Yes
EIDPARRY,1088.1,20,5,Yes
PGHL,6353.5,20,5,Yes
ELECTCAST,100.26,20,5,Yes
ESABINDIA,5096,20,5,Yes
EPL,223.09,20,5,Yes
FINCABLES,844.55,20,5,Yes
GODFRYPHLP,3644,20,5,Yes
GODREJIND,1221.8,20,5,Yes
KANSAINER,245.07,20,5,Yes
GHCL,571.7,20,5,Yes
HDFCBANK,966.85,No Band,5,Yes
HEROMOTOCO,5316,No Band,5,Yes
HFCL,76.46,No Band,5,Yes
HSCL,463.75,20,5,Yes
HCC,28.61,5,5,No
AGI,869.45,20,5,Yes
HINDZINC,462.25,No Band,5,Yes
HMT,,5,,No
INDIAGLYCO,837.85,20,5,Yes
INFY,1511.3,No Band,5,Yes
INGERRAND,3909.1,20,5,Yes
IONEXCHANG,426.55,20,5,Yes
JSWSTEEL,1115.2,No Band,5,Yes
KAJARIACER,1235.3,20,5,Yes
WHIRLPOOL,1361.7,20,5,Yes
KIRLOSBROS,2040.6,20,5,Yes
KOTAKBANK,2021.7,No Band,5,Yes
KSB,855.7,20,5,Yes
TRENT,5147.5,No Band,5,Yes
LMW,14995,20,5,Yes
LICHSGFIN,570.05,No Band,5,Yes
LUPIN,2051.8,No Band,5,Yes
RAMCOCEM,1040,20,5,Yes
MAHSEAMLES,629.35,20,5,Yes
MAHSCOOTER,17962,20,5,Yes
MFSL,1564.1,No Band,5,Yes
MRF,150890,20,5,Yes
NCC,216.14,No Band,5,Yes
VEDL,461.3,No Band,5,Yes
GRASIM,2843,No Band,5,Yes
PEL,1145,20,5,Yes
ONGC,235.09,No Band,5,Yes
RELIANCE,1405.3,No Band,5,Yes
PIDILITIND,3074,No Band,5,Yes
BIRLACORPN,1290.7,20,5,Yes
SURYAROSNI,294.9,20,5,Yes
PRSMJOHNSN,149.5,20,5,Yes
RALLIS,339.25,20,5,Yes
PATANJALI,600.3,No Band,5,Yes
JINDALSAW,210.05,20,5,Yes
JKLAKSHMI,913.9,20,5,Yes
SHREECEM,29575,No Band,5,Yes
RELINFRA,,5,,No
TATAPOWER,396.05,No Band,5,Yes
SUNDRMFAST,1053.9,20,5,Yes
SUNFLAG,265.75,20,5,Yes
SPLPETRO,804.4,20,5,Yes
TATAELXSI,5707,No Band,5,Yes
ACC,1866,20,5,Yes
THERMAX,3318.8,20,5,Yes
THOMASCOOK,173.47,20,5,Yes
TORNTPHARM,3535.5,No Band,5,Yes
AMBUJACEM,573.65,No Band,5,Yes
HINDALCO,755.95,No Band,5,Yes
PGHH,13369,20,5,Yes
BBOX,491.25,5,5,No
FEDERALBNK,196.41,No Band,5,Yes
TATASTEEL,172.02,No Band,5,Yes
SKFINDIA,4795.7,20,5,Yes
ASHOKLEY,134.54,No Band,5,Yes
CUMMINSIND,4111,No Band,5,Yes
TATACOMM,1713.8,20,5,Yes
ABBOTINDIA,30930,20,5,Yes
BAJAJHLDNG,13525,20,5,Yes
BHARATFORG,1263.2,No Band,5,Yes
ESCORTS,3671.1,20,5,Yes
LT,3667.8,No Band,5,Yes
BOSCHLTD,39920,No Band,5,Yes
BPCL,318.25,No Band,5,Yes
SIEMENS,3313.8,No Band,5,Yes
TATAMOTORS,713.25,No Band,5,Yes
VOLTAS,1414.6,No Band,5,Yes
GESHIP,1058.15,20,5,Yes
DEEPAKFERT,1425.3,20,5,Yes
GRWRHITECH,3428.9,20,5,Yes
GLAXO,2738.2,20,5,Yes
GNFC,507.9,20,5,Yes
SANOFI,5025,20,5,Yes
PFIZER,5140.5,20,5,Yes
GSFC,210.46,20,5,Yes
HINDUNILVR,2580.9,No Band,5,Yes
AKZOINDIA,3380.5,20,5,Yes
TATACHEM,982.55,No Band,5,Yes
NESTLEIND,1204.2,No Band,5,Yes
TATACONSUM,1092.1,No Band,5,Yes
ASIANPAINT,2480.9,No Band,5,Yes
BRITANNIA,6202.5,No Band,5,Yes
COLPAL,2355.8,No Band,5,Yes
EIHOTEL,401.05,20,5,Yes
INDHOTEL,778.65,No Band,5,Yes
CASTROLIND,202.9,20,5,Yes
ITC,413.1,No Band,5,Yes
APOLLOTYRE,486.25,20,5,Yes
CEATLTD,3445.9,20,5,Yes
FINPIPE,219.17,20,5,Yes
TATAINVEST,7039,20,5,Yes
SHAILY,2388.6,20,5,Yes
BBTC,1939.1,20,5,Yes
BALKRISIND,2466.2,20,5,Yes
VTL,436.9,20,5,Yes
PHOENIXLTD,1616,No Band,5,Yes
SWANENERGY,460.9,20,5,Yes
SRF,2951.8,No Band,5,Yes
ZENSARTECH,819.75,20,5,Yes
SARDAEN,617.7,20,5,Yes
SANDUMA,480.2,20,5,Yes
CHOLAHLDNG,1955.8,20,5,Yes
EICHERMOT,6927.5,No Band,5,Yes
GMMPFAUDLR,1149.9,20,5,Yes
KIRLPNU,1245.3,20,5,Yes
NESCO,1480.5,20,5,Yes
RESPONIND,201.63,20,5,Yes
WESTLIFE,755.65,20,5,Yes
ZEEL,115.49,20,5,Yes
ELECON,624.5,20,5,Yes
GABRIEL,1317.2,20,5,Yes
IFBIND,1562.9,20,5,Yes
SCHAEFFLER,4057.9,20,5,Yes
GRINDWELL,1652.9,20,5,Yes
STYRENIX,2560.5,20,5,Yes
BAYERCROP,5220,20,5,Yes
COROMANDEL,2265.6,20,5,Yes
DEEPAKNTR,1787.3,20,5,Yes
PCBL,390.55,20,5,Yes
SUDARSCHEM,1410.8,20,5,Yes
ALKYLAMINE,2074.6,20,5,Yes
ASTRAZEN,9016.5,20,5,Yes
JBCHEPHARM,1683.8,20,5,Yes
TI,479.8,20,5,Yes
WIPRO,254.01,No Band,5,Yes
DHANUKA,1545.7,20,5,Yes
GILLETTE,9909,20,5,Yes
APOLLOHOSP,7852.5,No Band,5,Yes
BERGEPAINT,536.75,20,5,Yes
GRAPHITE,544.75,20,5,Yes
ITDCEM,826.2,20,5,Yes
GARFIBRES,803.9,20,5,Yes
HEG,510.5,20,5,Yes
SUPREMEIND,4593.9,No Band,5,Yes
CANFINHOME,777.1,20,5,Yes
SHRIRAMFIN,618.1,No Band,5,Yes
CHOLAFIN,1583.1,No Band,5,Yes
AWL,260.65,20,5,Yes
MANYAVAR,733.3,20,5,Yes
UPL,702.7,No Band,5,Yes
SUNTECK,445.15,20,5,Yes
EUREKAFORB,579.35,20,5,Yes
MSUMI,49.35,20,5,Yes
LLOYDSME,1313.7,20,5,Yes
CAMPUS,274.9,20,5,Yes
RAINBOW,1453.5,20,5,Yes
AVANTIFEED,729.4,20,5,Yes
ADANIENT,2399.4,No Band,5,Yes
LICI,882.55,No Band,5,Yes
NAVA,714.5,20,5,Yes
PRUDENT,2994.8,20,5,Yes
DELHIVERY,475.6,No Band,5,Yes
PARADEEP,168.63,20,5,Yes
ETHOSLTD,2424,20,5,Yes
EMUDHRA,689.75,20,5,Yes
AETHER,734.9,20,5,Yes
CARBORUNIV,1001.6,20,5,Yes
MMTC,66.09,10,5,Yes
HINDCOPPER,289.45,20,5,Yes
NLCINDIA,262.21,20,5,Yes
WELSPUNLIV,124.22,20,5,Yes
PRICOLLTD,527.3,20,5,Yes
ASAHIINDIA,887.75,20,5,Yes
ANANTRAJ,595.15,20,5,Yes
SYRMA,817.65,20,5,Yes
USHAMART,407.1,20,5,Yes
TMB,430.05,20,5,Yes
HONAUT,36915,20,5,Yes
HBLENGINE,886.95,20,5,Yes
MOTHERSON,109.89,No Band,5,Yes
HAVELLS,1614.8,No Band,5,Yes
SYMPHONY,951.5,20,5,Yes
PPLPHARMA,205.63,No Band,5,Yes
WEBELSOLAR,1275.3,10,5,Yes
TTKPRESTIG,678.15,20,5,Yes
BIKAJI,797.4,20,5,Yes
MEDANTA,1360.3,20,5,Yes
KEI,4179.7,No Band,5,Yes
ACI,714.05,20,5,Yes
FIVESTAR,544.45,20,5,Yes
KAYNES,7183,No Band,5,Yes
HNDFDS,542.75,20,5,Yes
RUSTOMJEE,607.5,10,5,Yes
INOXGREEN,175.25,5,5,No
KFINTECH,1100.3,No Band,5,Yes
CCL,917,20,5,Yes
TVSHLTD,13296,20,5,Yes
RATNAMANI,2422.4,20,5,Yes
VESUVIUS,529.2,20,5,Yes
ICIL,294.52,20,5,Yes
TRIDENT,29.73,20,5,Yes
ALOKINDS,18.82,20,5,Yes
AARTIPHARM,912.45,20,5,Yes
KITEX,202.77,5,5,No
ELGIEQUIP,467.2,20,5,Yes
NSLNISP,45.83,20,5,Yes
TIMKEN,3049.3,20,5,Yes
DIACABS,156.88,10,5,Yes
PRAJIND,390.4,20,5,Yes
KPIL,1284,20,5,Yes
SAFARI,2282.6,20,5,Yes
AVALON,963.8,20,5,Yes
DCMSHRIRAM,1225.4,20,5,Yes
3MINDIA,30585,20,5,Yes
JMFINANCIL,178.03,20,5,Yes
LINDEINDIA,6510.5,20,5,Yes
MANKIND,2569.8,No Band,5,Yes
SCI,218.54,20,5,Yes
ITI,323.05,10,5,Yes
NFL,99.36,20,5,Yes
PIIND,3711.8,No Band,5,Yes
MASTEK,2499.5,20,5,Yes
POONAWALLA,441.85,20,5,Yes
SENCO,373.6,10,5,Yes
JIOFIN,315.45,No Band,5,Yes
VINATIORGA,1711.8,20,5,Yes
AARTIIND,390.6,20,5,Yes
NETWEB,2842.3,20,5,Yes
GAEL,109.64,20,5,Yes
RCF,156.03,20,5,Yes
SHRIPISTON,2666.3,20,5,Yes
YATHARTH,784.95,20,5,Yes
MARKSANS,176.11,20,5,Yes
KIOCL,459.75,20,5,Yes
REDTAPE,140.7,20,5,Yes
IPCALAB,1311.5,20,5,Yes
SBFC,106.84,20,5,Yes
CONCORDBIO,1621.2,20,5,Yes
NEULANDLAB,16221,20,5,Yes
TVSSCS,134.66,20,5,Yes
BSE,2199.3,No Band,5,Yes
DMART,4696.2,No Band,5,Yes
HUDCO,224.17,No Band,5,Yes
AUBANK,711.2,No Band,5,Yes
CDSL,1549.4,No Band,5,Yes
TEJASNET,615.35,20,5,Yes
ERIS,1661.9,20,5,Yes
COCHINSHIP,1821.6,20,5,Yes
DIXON,18110,No Band,5,Yes
SIS,352,20,5,Yes
SUNPHARMA,1610.5,No Band,5,Yes
CAPLIPOINT,2247.4,20,5,Yes
JLHL,1456.6,20,5,Yes
RRKABEL,1247.4,20,5,Yes
STARCEMENT,272.55,20,5,Yes
ZAGGLE,350.05,20,5,Yes
AUROPHARMA,1091.6,No Band,5,Yes
NUVAMA,6378.5,No Band,5,Yes
NATCOPHARM,852.15,20,5,Yes
ABCAPITAL,289.95,No Band,5,Yes
SIGNATURE,1143.1,20,5,Yes
JSWINFRA,326.2,10,5,Yes
MPHASIS,2950.7,No Band,5,Yes
GANESHHOUC,873.5,20,5,Yes
NMDC,75.44,No Band,5,Yes
MAXESTATES,467.8,20,5,Yes
BLUEJET,715.05,5,5,No
CELLO,626.15,20,5,Yes
HONASA,306.05,20,5,Yes
ASKAUTOLTD,534.6,10,5,Yes
IREDA,152.94,No Band,5,Yes
TATATECH,711.2,No Band,5,Yes
BLUEDART,5732.5,20,5,Yes
SBILIFE,1818.8,No Band,5,Yes
ICICIGI,1912.5,No Band,5,Yes
INDIASHLTR,891.95,20,5,Yes
DOMS,2598.8,20,5,Yes
GODREJAGRO,731.5,20,5,Yes
MASFIN,319.65,20,5,Yes
GICRE,369.7,20,5,Yes
INOXINDIA,1201.3,20,5,Yes
IEX,147.38,No Band,5,Yes
TIINDIA,3404.4,No Band,5,Yes
NAM-INDIA,833.3,20,5,Yes
HAPPYFORGE,947.85,10,5,Yes
HDFCLIFE,774.35,No Band,5,Yes
NIACL,192.8,20,5,Yes
AZAD,1587.5,20,5,Yes
INNOVACAP,860.85,20,5,Yes
INDIACEM,400.7,10,5,Yes
JYOTICNC,932.35,20,5,Yes
JKTYRE,376.75,20,5,Yes
JUBLPHARMA,1120.4,20,5,Yes
APOLLO,343.8,5,5,No
NEWGEN,885.2,20,5,Yes
AMBER,8298,No Band,5,Yes
PRIVISCL,2339.6,20,5,Yes
GALAXYSURF,2359.6,20,5,Yes
OPTIEMUS,649.45,20,5,Yes
ASTERDM,619.9,20,5,Yes
JSFB,467.3,20,5,Yes
HGINFRA,1026.15,20,5,Yes
BDL,1605,No Band,5,Yes
BANDHANBNK,162.67,No Band,5,Yes
ENTERO,1145.7,20,5,Yes
SUNDARMHLD,626.55,20,5,Yes
HAL,4840,No Band,5,Yes
ISEC,,,,Yes
MIDHANI,410.95,20,5,Yes
LEMONTREE,176.19,20,5,Yes
GENUSPOWER,345.55,10,5,Yes
JUNIPER,296.65,10,5,Yes
E2E,3016.5,5,5,No
RELAXO,488.8,20,5,Yes
SHILPAMED,826.3,5,5,No
ADANIGREEN,987.85,No Band,5,Yes
FINEORG,4833.2,20,5,Yes
RITES,275.14,20,5,Yes
VARROC,631.15,20,5,Yes
HDFCAMC,5779.5,No Band,5,Yes
CREDITACC,1323.6,20,5,Yes
BHARTIHEXA,1736.2,20,5,Yes
IRCON,185.21,20,5,Yes
KRBL,403.85,20,5,Yes
SKYGOLD,289.75,20,5,Yes
MANORAMA,1399.5,20,5,Yes
AAVAS,1661,20,5,Yes
GRSE,2440.3,10,5,Yes
INDGN,572.9,20,5,Yes
AADHARHFC,537.8,10,5,Yes
TBOTEK,1595.1,20,5,Yes
ATGL,605.85,20,5,Yes
GODIGIT,351.7,20,5,Yes
IOC,144.98,No Band,5,Yes
TECHNOE,1445.1,20,5,Yes
IXIGO,272.9,20,5,Yes
BALUFORGE,668.15,5,5,No
EMAMILTD,603.15,20,5,Yes
ABDL,551.9,10,5,Yes
EMCURE,1360.4,10,5,Yes
BANSALWIRE,352.55,10,5,Yes
MANAPPURAM,296.1,No Band,5,Yes
AKUMS,475,10,5,Yes
ZYDUSWELL,2621.3,20,5,Yes
OLAELEC,60.14,5,5,No
CONCOR,564.15,No Band,5,Yes
FIRSTCRY,393.35,20,5,Yes
CHOICEIN,825,20,5,Yes
KPIGREEN,486.55,20,5,Yes
CHALET,1064.6,20,5,Yes
SHAKTIPUMP,886.9,20,5,Yes
ANUP,2312.8,20,5,Yes
PREMIERENE,1081.35,20,5,Yes
ARVINDFASN,562.3,20,5,Yes
RAYMONDLSL,1329.8,20,5,Yes
RAJESHEXPO,203.52,20,5,Yes
RVNL,354.9,No Band,5,Yes
SANOFICONR,5277.5,20,5,Yes
METROPOLIS,2076.5,20,5,Yes
POLYCAB,7395,No Band,5,Yes
KPITTECH,1248.2,No Band,5,Yes
BAJAJHFL,115.92,10,5,Yes
HATSUN,909.1,20,5,Yes
JINDWORLD,38.68,20,5,Yes
PNGJL,634.4,10,5,Yes
INDIAMART,2597.8,20,5,Yes
CGCL,188.47,20,5,Yes
FDC,466.45,20,5,Yes
AFFLE,2067.7,20,5,Yes
MARICO,723.9,No Band,5,Yes
SWSOLAR,266.6,20,5,Yes
360ONE,1091.1,No Band,5,Yes
IIFLCAPS,291.05,20,5,Yes
IRCTC,727.2,No Band,5,Yes
FLUOROCHEM,3695.7,20,5,Yes
POLYMED,1989.4,20,5,Yes
CSBBANK,362.2,20,5,Yes
UJJIVANSFB,45.97,20,5,Yes
SUMICHEM,552.5,20,5,Yes
BORORENEW,574.95,20,5,Yes
COHANCE,990.7,20,5,Yes
SBICARD,896.55,No Band,5,Yes
POWERINDIA,19978,20,5,Yes
MAXHEALTH,1158.7,No Band,5,Yes
HAPPSTMNDS,574.7,20,5,Yes
BANKBARODA,240.58,No Band,5,Yes
ROUTE,872.2,20,5,Yes
WELCORP,905.35,20,5,Yes
BANKINDIA,117.53,No Band,5,Yes
CAMS,3890.3,No Band,5,Yes
GAIL,182.24,No Band,5,Yes
JKPAPER,399.2,20,5,Yes
SAREGAMA,495.05,20,5,Yes
ANGELONE,2230.4,No Band,5,Yes
ICICIBANK,1421.6,No Band,5,Yes
UTIAMC,1349.4,20,5,Yes
CYIENT,1272.2,No Band,5,Yes
MAZDOCK,2946,No Band,5,Yes
ENGINERSIN,208.86,20,5,Yes
GMDCLTD,547.95,20,5,Yes
INDUSINDBK,742.25,No Band,5,Yes
ITDC,636.1,20,5,Yes
CUB,203.84,20,5,Yes
AXISBANK,1121.2,No Band,5,Yes
SOUTHBANK,28.88,20,5,Yes
SONATSOFTW,378.8,20,5,Yes
NATIONALUM,216.48,No Band,5,Yes
APARINDS,8632.5,20,5,Yes
HCLTECH,1483.1,No Band,5,Yes
JINDALSTEL,1053.35,No Band,5,Yes
GLENMARK,2077,No Band,5,Yes
WOCKPHARMA,1549,20,5,Yes
MAHLIFE,369.4,20,5,Yes
ZYDUSLIFE,1034.5,No Band,5,Yes
AJANTPHARM,2555.8,20,5,Yes
TVSMOTOR,3499.9,No Band,5,Yes
TCI,1181.1,20,5,Yes
TRIVENI,355.5,20,5,Yes
TTML,58.79,5,5,No
TIPSMUSIC,597.85,20,5,Yes
IOB,40.11,20,5,Yes
BSOFT,378.35,20,5,Yes
GODREJCP,1229.4,No Band,5,Yes
UNITDSPR,1330,No Band,5,Yes
OLECTRA,1632.1,20,5,Yes
CERA,6339.5,20,5,Yes
BHARTIARTL,1939.5,No Band,5,Yes
PNB,108.44,No Band,5,Yes
OFSS,9142.5,No Band,5,Yes
UNIONBANK,134.29,No Band,5,Yes
UBL,1824,20,5,Yes
GRANULES,539.8,20,5,Yes
CANBK,113.23,No Band,5,Yes
DIVISLAB,6099.5,No Band,5,Yes
ASTRAMICRO,1104.3,20,5,Yes
RADICO,2994.4,20,5,Yes
MARUTI,15573,No Band,5,Yes
NAVINFLUOR,4864.8,20,5,Yes
UCOBANK,29.87,20,5,Yes
JSL,753.7,20,5,Yes
SUPRAJIT,450.55,20,5,Yes
IGL,215.71,No Band,5,Yes
PETRONET,279.3,No Band,5,Yes
BIOCON,360.2,No Band,5,Yes
PTC,175.38,20,5,Yes
MAHABANK,55.06,20,5,Yes
RKFORGE,575.15,20,5,Yes
STAR,877.85,20,5,Yes
ULTRACEMCO,12578,No Band,5,Yes
UNOMINDA,1321.1,No Band,5,Yes
TCS,3145.7,No Band,5,Yes
COFORGE,1779.6,No Band,5,Yes
CENTURYPLY,811.9,20,5,Yes
WELENT,504.35,20,5,Yes
NTPC,335.05,No Band,5,Yes
JBMA,717.95,20,5,Yes
JPPOWER,19.08,5,5,No
GOKEX,782.8,20,5,Yes
IIFL,446.7,No Band,5,Yes
SHOPERSTOP,557.25,20,5,Yes
JSWHL,18535,5,1,No
JKCEMENT,6689,20,5,Yes
YESBANK,21.01,No Band,5,Yes
KTKBANK,176.41,20,5,Yes
SUZLON,58.98,No Band,5,Yes
AURIONPRO,1257.6,20,5,Yes
RENUKA,31.34,20,5,Yes
AIAENG,3100.3,20,5,Yes
PVRINOX,1146.1,20,5,Yes
GSPL,319.6,20,5,Yes
KEC,882.55,20,5,Yes
SOLARINDS,14609,No Band,5,Yes
GALLANTT,666.85,20,5,Yes
SUNTV,556.7,20,5,Yes
GPIL,262.35,20,5,Yes
GMRAIRPORT,92.84,No Band,5,Yes
TECHM,1531.5,No Band,5,Yes
CIEINDIA,406.95,20,5,Yes
VOLTAMP,7309.5,20,5,Yes
ACE,1112.2,20,5,Yes
NAUKRI,1352.4,No Band,5,Yes
TORNTPOWER,1261.9,No Band,5,Yes
LTFOODS,458.3,20,5,Yes
SOBHA,1589.4,20,5,Yes
TANLA,689.2,20,5,Yes
LUMAXTECH,1089.6,10,5,Yes
NETWORK18,54.79,20,5,Yes
TIIL,2454.3,20,5,Yes
REDINGTON,289.3,20,2,Yes
PGIL,1355.5,20,5,Yes
FSL,365.05,20,5,Yes
PFC,403.05,No Band,5,Yes
AHLUCONT,953.6,20,5,Yes
INDIANB,694.85,No Band,5,Yes
IDEA,7.94,No Band,5,Yes
PAGEIND,45335,No Band,5,Yes
ASTRAL,1476.8,No Band,5,Yes
EMBDL,98.62,20,5,Yes
ICRA,6734,20,5,Yes
FORTIS,966.65,No Band,5,Yes
TIMETECHNO,485.9,20,5,Yes
V2RETAIL,1653.7,10,5,Yes
DLF,786.75,No Band,5,Yes
SPARC,143.82,20,5,Yes
REFEX,357.65,20,5,Yes
CENTRALBK,36.94,20,5,Yes
KPRMILL,1090.65,20,5,Yes
PURVA,268.8,20,5,Yes
MOTILALOFS,934.4,20,5,Yes
POWERGRID,288.35,No Band,5,Yes
KSCL,1194.6,20,5,Yes
RELIGARE,257.11,20,5,Yes
ADANIPORTS,1408.2,No Band,5,Yes
EDELWEISS,116.1,20,5,Yes
JYOTHYLAB,324.95,20,5,Yes
ECLERX,4374.8,20,5,Yes
TARIL,523.35,20,5,Yes
BRIGADE,952.6,20,5,Yes
RPOWER,47.93,5,5,No
JKIL,637.6,20,5,Yes
KNRCON,194.72,20,5,Yes
IRB,43.41,20,5,Yes
VGUARD,372.85,20,5,Yes
RECLTD,380.5,No Band,5,Yes
TITAGARH,938.75,No Band,5,Yes
JAIBALAJI,101.8,20,5,Yes
BAJAJ-AUTO,9072.5,No Band,5,Yes
BAJAJFINSV,2080.3,No Band,5,Yes
ZFCVINDIA,13732,20,5,Yes
ISGEC,980.3,20,5,Yes
MHRIL,356.05,20,5,Yes
ADANIPOWER,637.35,20,5,Yes
NHPC,88.61,No Band,5,Yes
OIL,398.85,No Band,5,Yes
RTNPOWER,12.25,20,5,Yes
JSWENERGY,540.05,No Band,5,Yes
GODREJPROP,2061,No Band,5,Yes
JUBLFOOD,632.95,No Band,5,Yes
THANGAMAYL,2147.2,20,5,Yes
DBREALTY,167.57,20,5,Yes
MANINFRA,158.45,20,5,Yes
PERSISTENT,5490.5,No Band,5,Yes
SJVN,94.46,20,5,Yes
GPPL,161.41,20,5,Yes
WABAG,1559.7,20,5,Yes
ASHOKA,191.74,20,5,Yes
JWL,342.05,20,5,Yes
OBEROIRLTY,1643,No Band,5,Yes
PRESTIGE,1625.2,No Band,5,Yes
COALINDIA,395.8,No Band,5,Yes
GRAVITA,1656.4,20,5,Yes
MOIL,355.4,20,5,Yes
KIRLOSENG,931.2,20,5,Yes
PSB,29.81,20,5,Yes
DALBHARAT,2427.9,No Band,5,Yes
TEXRAIL,148.68,20,5,Yes
ZENTEC,1470.6,5,5,No
MUTHOOTFIN,2988.4,No Band,5,Yes
LTF,241.03,No Band,5,Yes
TDPOWERSYS,543.95,20,5,Yes
APLLTD,971.1,20,5,Yes
PGEL,569.9,No Band,5,Yes
TRITURBINE,539.85,20,5,Yes
APLAPOLLO,1697.6,No Band,5,Yes
RHIM,479.45,20,5,Yes
MCX,7645.5,No Band,5,Yes
SCHNEIDER,907.2,5,5,No
EQUITASBNK,56.11,20,5,Yes
NBCC,109.59,No Band,5,Yes
GLAND,2021.8,20,5,Yes
RTNINDIA,56.94,20,5,Yes
TARC,161.95,20,5,Yes
BECTORFOOD,1373.3,20,5,Yes
IRFC,128.96,No Band,5,Yes
INDIGOPNTS,1135.3,20,5,Yes
HOMEFIRST,1295.6,20,5,Yes
CARERATING,1621.6,20,5,Yes
PCJEWELLER,13.39,20,5,Yes
INDUSTOWER,357.6,No Band,5,Yes
RAILTEL,396.95,20,5,Yes
VMART,739,20,5,Yes
MTARTECH,1728.4,20,5,Yes
JUBLINGREA,716.7,20,5,Yes
ANURAS,1099,20,5,Yes
LXCHEM,223.24,20,5,Yes
CRAFTSMAN,6748.5,20,5,Yes
KALYANKJIL,508.55,No Band,5,Yes
SHARDAMOTR,1072.4,20,5,Yes
NAZARA,1095.3,20,5,Yes
JUSTDIAL,849.85,20,5,Yes
ORIENTCEM,226.32,20,5,Yes
ABFRL,86.68,20,5,Yes
SAMMAANCAP,136.14,No Band,5,Yes
LODHA,1200.7,No Band,5,Yes
IWEL,10293,20,5,Yes
SONACOMS,432.55,No Band,5,Yes
SHYAMMETL,924.85,20,5,Yes
KIMS,757,20,5,Yes
DODLA,1423.6,20,5,Yes
GRINFRA,1321.3,20,5,Yes
CLEAN,1173.9,20,5,Yes
ETERNAL,327.3,No Band,5,Yes
ALIVUS,936.6,20,5,Yes
DEVYANI,182.12,20,5,Yes
EPIGRAL,1772.9,20,5,Yes
CARTRADE,2373.7,20,5,Yes
NUVOCO,442.8,20,5,Yes
CHEMPLASTS,435.85,20,5,Yes
APTUS,334.15,20,5,Yes
VIJAYA,1052.3,20,5,Yes
SANSERA,1429.1,20,5,Yes
PARAS,738.7,10,5,Yes
SKIPPER,539.15,20,5,Yes
ABSLAMC,841.25,20,5,Yes
GULFOILLUB,1311,20,5,Yes
SHARDACROP,885.65,20,5,Yes
NYKAA,243.74,No Band,5,Yes
POLICYBZR,1822,No Band,5,Yes
PAYTM,1231.3,No Band,5,Yes
PDSL,332.05,20,5,Yes
SAPPHIRE,326.45,20,5,Yes
LATENTVIEW,416.6,20,5,Yes
STARHEALTH,450.85,20,5,Yes
TEGA,2069.5,20,5,Yes
ANANDRATHI,3063.8,20,5,Yes
RATEGAIN,642.85,20,5,Yes
MAPMYINDIA,1639,20,5,Yes
METROBRAND,1293.6,20,5,Yes
MEDPLUS,839.5,20,5,Yes
INTELLECT,1039.15,20,5,Yes
DATAPATTNS,2762.1,20,5,Yes
SUPRIYA,650,20,5,Yes
CMSINFO,418.3,20,5,Yes
MINDACORP,518,20,5,Yes
GREENLAM,251.68,20,5,Yes
PTCIL,14611,20,5,Yes
INOXWIND,151.3,No Band,5,Yes
PNCINFRA,304.6,20,5,Yes
AIIL,3284.6,20,5,Yes
ADANIENSOL,836.55,No Band,5,Yes
SYNGENE,657.25,No Band,5,Yes
POWERMECH,3025.8,20,5,Yes
GUJGASLTD,442.85,20,5,Yes
IDFCFIRSTB,71.55,No Band,5,Yes
INDIGO,5727.5,No Band,5,Yes
ALKEM,5503,No Band,5,Yes
LALPATHLAB,3270.3,20,5,Yes
NH,1785.5,20,5,Yes
HCG,675.7,20,5,Yes
INFIBEAM,16.16,20,5,Yes
THYROCARE,1192.1,20,5,Yes
CROMPTON,313.95,No Band,5,Yes
PILANIINVS,5267.1,20,5,Yes
MGL,1363.2,20,5,Yes
LLOYDSENGG,64.85,20,5,Yes
LTIM,5375.5,No Band,5,Yes
DBL,567.1,20,5,Yes
RBLBANK,267.3,No Band,5,Yes
BLS,366,20,5,Yes
LTTS,4261.7,20,5,Yes
ICICIPRULI,603.7,No Band,5,Yes
ENDURANCE,2922.2,20,5,Yes
PNBHOUSING,830.95,No Band,5,Yes
VBL,462.9,No Band,5,Yes
LLOYDSENT,70.2,20,5,Yes
HYUNDAI,2603.1,10,5,Yes
WAAREEENER,3579,20,5,Yes
AFCONS,455.05,20,5,Yes
SAGILITY,44.73,20,5,Yes
SWIGGY,437.2,20,5,Yes
ACMESOLAR,311,10,5,Yes
NIVABUPA,81.84,20,5,Yes
BLACKBUCK,607.25,20,5,Yes
NTPCGREEN,105.35,20,5,Yes
SAILIFE,881.35,20,5,Yes
VMM,150.31,20,5,Yes
IKS,1557.7,20,5,Yes
IGIL,373,10,5,Yes
TRANSRAILL,784.95,20,5,Yes
VENTIVE,773.35,10,5,Yes
UNIMECH,1102.4,5,5,No
ONESOURCE,1840.7,20,5,Yes
ITCHOTELS,245.09,20,5,Yes
AGARWALEYE,439.35,20,5,Yes
AJAXENGG,650.45,10,5,Yes
WAAREERTL,1093,20,5,Yes
ATHERENERG,556.3,20,5,Yes
BELRISE,144.93,20,5,Yes
AEGISVOPAK,248.96,10,5,Yes
THELEELA,413,10,5,Yes
